{"min":-48.84735226167315,"max":685.1878647859922,"size":1560}